area,year,attendance,dropout_rate,transport_access,internet_access,teacher_ratio,household_income,enrollment,performance_index,data_source
Kanchipuram Urban,2021,70.5,15.3,46.2,46.9,33.6,19797,811,50.0,SYNTHETIC_DEMO
Kanchipuram Urban,2022,70.6,15.2,47.8,48.0,40.6,26349,864,48.9,SYNTHETIC_DEMO
Kanchipuram Urban,2023,73.7,15.6,48.8,45.0,34.8,26096,800,52.4,SYNTHETIC_DEMO
Kanchipuram Urban,2024,76.1,15.5,48.1,49.5,37.9,28389,806,50.9,SYNTHETIC_DEMO
Kanchipuram Urban,2025,68.0,16.4,49.5,56.1,33.8,27309,947,55.5,SYNTHETIC_DEMO
Kanchipuram Rural North,2021,70.4,17.4,39.8,39.7,39.3,26807,812,53.2,SYNTHETIC_DEMO
Kanchipuram Rural North,2022,67.6,19.5,32.9,38.5,36.4,23282,712,54.2,SYNTHETIC_DEMO
Kanchipuram Rural North,2023,70.1,18.8,32.8,40.4,39.8,25681,778,48.7,SYNTHETIC_DEMO
Kanchipuram Rural North,2024,66.8,17.1,46.5,43.2,34.3,21866,843,53.4,SYNTHETIC_DEMO
Kanchipuram Rural North,2025,70.4,15.8,41.1,47.3,36.5,28070,807,49.8,SYNTHETIC_DEMO
Kanchipuram Rural South,2021,72.6,15.5,42.9,44.0,37.8,28383,796,54.4,SYNTHETIC_DEMO
Kanchipuram Rural South,2022,72.0,14.1,37.8,37.2,33.2,23472,816,60.0,SYNTHETIC_DEMO
Kanchipuram Rural South,2023,68.5,14.6,45.5,52.3,35.2,25140,952,47.7,SYNTHETIC_DEMO
Kanchipuram Rural South,2024,72.4,13.7,50.4,51.3,31.2,26658,907,55.8,SYNTHETIC_DEMO
Kanchipuram Rural South,2025,72.4,16.8,57.3,50.4,35.8,25870,982,56.7,SYNTHETIC_DEMO
Sriperumbudur,2021,93.4,2.6,76.1,69.3,19.9,41245,1001,76.5,SYNTHETIC_DEMO
Sriperumbudur,2022,91.5,2.5,81.9,81.9,32.5,48905,950,80.6,SYNTHETIC_DEMO
Sriperumbudur,2023,94.5,3.4,77.2,76.3,23.0,41578,1162,76.7,SYNTHETIC_DEMO
Sriperumbudur,2024,90.8,5.3,73.9,77.9,28.5,43753,1143,74.9,SYNTHETIC_DEMO
Sriperumbudur,2025,94.4,1.4,78.5,78.5,20.4,50800,1301,82.7,SYNTHETIC_DEMO
Walajabad,2021,73.6,11.4,53.4,56.9,28.6,30758,1100,63.4,SYNTHETIC_DEMO
Walajabad,2022,75.8,13.2,57.1,58.0,32.7,36541,1000,69.0,SYNTHETIC_DEMO
Walajabad,2023,81.5,11.8,59.6,50.9,36.7,29019,934,69.1,SYNTHETIC_DEMO
Walajabad,2024,77.1,11.1,54.1,54.9,30.2,35553,1021,68.8,SYNTHETIC_DEMO
Walajabad,2025,75.2,9.1,61.1,66.1,31.0,27973,914,62.0,SYNTHETIC_DEMO
Uthiramerur,2021,73.0,17.5,45.8,41.3,39.3,26131,826,52.0,SYNTHETIC_DEMO
Uthiramerur,2022,72.8,14.9,45.5,47.7,32.8,28144,1109,63.2,SYNTHETIC_DEMO
Uthiramerur,2023,73.2,16.6,43.4,46.5,33.9,23724,799,53.0,SYNTHETIC_DEMO
Uthiramerur,2024,69.5,14.8,37.9,49.3,33.8,25427,711,49.1,SYNTHETIC_DEMO
Uthiramerur,2025,80.8,13.2,60.3,44.5,40.6,25824,865,57.7,SYNTHETIC_DEMO
Chengalpattu,2021,67.0,15.3,38.4,43.4,37.4,25687,763,49.5,SYNTHETIC_DEMO
Chengalpattu,2022,67.3,18.4,41.8,37.4,41.2,26298,807,50.0,SYNTHETIC_DEMO
Chengalpattu,2023,71.1,18.8,38.0,44.7,44.2,25091,741,46.3,SYNTHETIC_DEMO
Chengalpattu,2024,71.5,17.0,48.6,46.3,32.4,27323,721,50.3,SYNTHETIC_DEMO
Chengalpattu,2025,67.1,17.2,45.0,47.1,37.0,25506,994,40.6,SYNTHETIC_DEMO
Tambaram,2021,87.3,6.5,65.3,58.5,30.7,30102,1093,68.0,SYNTHETIC_DEMO
Tambaram,2022,83.4,11.8,64.5,56.4,33.3,34869,1140,69.9,SYNTHETIC_DEMO
Tambaram,2023,83.5,6.9,74.5,67.4,28.2,38856,1136,64.5,SYNTHETIC_DEMO
Tambaram,2024,88.0,9.5,70.7,65.6,31.1,40386,895,69.5,SYNTHETIC_DEMO
Tambaram,2025,80.1,7.2,62.0,65.6,30.4,41906,1070,63.4,SYNTHETIC_DEMO
Madurantakam,2021,93.6,2.3,76.5,82.2,17.0,44450,1193,88.2,SYNTHETIC_DEMO
Madurantakam,2022,96.3,3.3,70.5,73.7,18.9,44896,1252,79.4,SYNTHETIC_DEMO
Madurantakam,2023,93.0,1.3,85.8,85.7,24.0,44322,1167,80.5,SYNTHETIC_DEMO
Madurantakam,2024,96.8,1.3,84.7,87.2,22.6,40948,1115,82.9,SYNTHETIC_DEMO
Madurantakam,2025,94.6,3.5,88.0,83.3,25.3,48610,1445,80.4,SYNTHETIC_DEMO
Kundrathur,2021,87.5,0.7,76.0,74.6,19.6,45880,1059,80.9,SYNTHETIC_DEMO
Kundrathur,2022,92.2,1.8,81.9,77.6,17.2,38213,1199,83.2,SYNTHETIC_DEMO
Kundrathur,2023,88.8,3.1,81.0,82.5,25.4,43639,1188,82.5,SYNTHETIC_DEMO
Kundrathur,2024,93.6,0.2,79.3,83.0,23.2,42654,1054,74.5,SYNTHETIC_DEMO
Kundrathur,2025,91.3,5.2,70.6,77.8,22.4,46200,1331,79.5,SYNTHETIC_DEMO
Tirukalukundram,2021,86.5,1.9,84.9,74.3,22.7,39364,1101,81.7,SYNTHETIC_DEMO
Tirukalukundram,2022,92.5,2.8,87.7,67.5,21.1,43555,969,83.2,SYNTHETIC_DEMO
Tirukalukundram,2023,91.9,3.1,77.1,74.6,21.9,39667,1200,81.1,SYNTHETIC_DEMO
Tirukalukundram,2024,89.5,5.2,87.7,77.7,26.8,38946,1220,78.3,SYNTHETIC_DEMO
Tirukalukundram,2025,91.8,4.6,83.9,93.5,23.5,50107,1112,81.8,SYNTHETIC_DEMO
Cheyyur,2021,72.2,13.3,45.9,38.7,31.3,22915,1076,62.1,SYNTHETIC_DEMO
Cheyyur,2022,74.2,14.6,46.3,52.4,33.5,28413,863,62.8,SYNTHETIC_DEMO
Cheyyur,2023,77.8,14.0,46.4,52.3,34.8,37927,970,58.9,SYNTHETIC_DEMO
Cheyyur,2024,76.2,14.9,52.2,49.6,31.2,31925,964,57.9,SYNTHETIC_DEMO
Cheyyur,2025,74.1,9.6,56.4,54.4,28.0,33940,793,64.7,SYNTHETIC_DEMO
Pallavaram,2021,89.0,4.8,69.0,54.5,32.3,39529,1169,69.9,SYNTHETIC_DEMO
Pallavaram,2022,90.4,5.4,76.1,74.9,27.1,41401,1069,81.6,SYNTHETIC_DEMO
Pallavaram,2023,89.0,6.3,86.7,70.5,28.5,39496,1108,83.2,SYNTHETIC_DEMO
Pallavaram,2024,87.5,3.0,80.2,79.9,23.1,47353,1213,71.8,SYNTHETIC_DEMO
Pallavaram,2025,89.0,0.2,83.7,77.1,16.7,46603,1100,79.9,SYNTHETIC_DEMO
Vandalur,2021,75.5,14.6,48.5,48.8,37.1,25745,931,59.0,SYNTHETIC_DEMO
Vandalur,2022,71.8,11.2,60.5,49.0,32.4,28350,801,57.3,SYNTHETIC_DEMO
Vandalur,2023,76.1,13.6,53.0,51.8,37.1,27474,840,60.3,SYNTHETIC_DEMO
Vandalur,2024,71.3,14.0,53.2,44.9,34.9,30067,774,62.4,SYNTHETIC_DEMO
Vandalur,2025,72.4,11.8,59.5,54.0,26.6,31861,828,61.4,SYNTHETIC_DEMO
Guduvancheri,2021,71.6,18.1,40.5,44.8,33.0,31523,668,49.7,SYNTHETIC_DEMO
Guduvancheri,2022,65.0,16.5,43.6,42.3,37.1,29627,791,58.0,SYNTHETIC_DEMO
Guduvancheri,2023,71.5,13.4,43.6,43.6,38.3,29313,917,50.0,SYNTHETIC_DEMO
Guduvancheri,2024,67.3,16.2,48.9,40.8,33.3,29528,902,51.2,SYNTHETIC_DEMO
Guduvancheri,2025,69.4,15.8,56.0,48.7,36.3,28785,840,52.6,SYNTHETIC_DEMO
